Channel,Region,Fresh,Milk,Grocery,Frozen,Detergents_Paper,Delicatessen,pca_x,pca_y,umap_x,umap_y,ae_x,ae_y,vae_x,vae_y,Total_Spend
2,3,12669,9656,7561,214,2674,1338,0.19329054649820243,-0.3050999634513935,7.0843096,6.933166,3.548878,3.8110058,0.8286403,0.7987926,34112
2,3,7057,9810,9568,1762,3293,1776,0.4344198959454972,-0.3284126225401711,6.25288,7.0507803,3.579156,2.9558842,0.838629,0.8147893,33266
2,3,6353,8808,7684,2405,3516,7844,0.8111432343605398,0.8150957011888883,8.588828,6.877347,1.3411989,2.187068,0.8411058,0.7971108,36610
1,3,13265,1196,4221,6404,507,1788,-0.778647831923619,0.652753733909375,13.654358,7.8579283,6.34953,8.099434,0.8144307,0.8149742,27381
2,3,22615,5410,7198,3915,1777,5185,0.16628725888001922,1.271433718314264,9.122227,5.9778523,1.1505622,3.3047976,0.8531556,0.8281962,46100
2,3,9413,8259,5126,666,1795,1451,-0.15616993189775052,-0.2951409880414285,7.2375803,7.069667,4.318091,4.7584386,0.82633483,0.8081123,26710
2,3,12126,3199,6975,480,3140,545,-0.3352884042775968,-0.5250032583063673,7.7899218,7.8830037,11.240977,9.88265,0.80306053,0.7447169,26465
2,3,7579,4956,9426,1669,3321,2566,0.14058643405115298,-0.23099268712632712,6.381755,7.1756835,7.794383,6.313135,0.8109785,0.7820166,29517
1,3,5963,3648,6192,425,1716,750,-0.5173195409242917,-0.659362826613679,7.8739285,8.665724,9.102482,9.680104,0.8217049,0.76911855,18694
2,3,6006,11093,18881,1159,7425,2098,1.5921090819077042,-0.7410113322068796,4.459229,5.7811255,4.8751783,1.1338494,0.8093468,0.8207361,46662
2,3,3366,5403,12974,4400,5977,1744,0.6380859453842896,-0.4018252009827578,5.3857594,7.5791845,6.721555,4.1610007,0.7833646,0.77584237,33864
2,3,13146,1124,4523,1420,549,497,-0.9276925789464372,-0.21928724226791532,10.502686,8.102442,11.04999,13.175783,0.83553964,0.8055998,21259
2,3,31714,12319,11757,287,3881,2931,0.9913621763904926,0.6859108075964484,8.328718,5.896495,2.8648596,6.281319,0.8429585,0.7799568,62889
2,3,21217,6208,14982,3095,6707,602,0.8502467602831545,-0.08569196422573477,7.7626333,6.0677843,7.321678,3.872522,0.76058626,0.6747097,52811
2,3,24653,9465,12091,294,5058,2168,0.845043793526858,0.15472432536931877,8.150336,5.9782367,3.5372021,7.559515,0.83108795,0.7277726,53729
1,3,10253,1114,3821,397,964,412,-0.9515853747804033,-0.495908497946021,10.013827,8.925042,11.380196,12.110238,0.84671223,0.7959714,16961
2,3,1020,8816,12121,134,4508,1080,0.5575587167513228,-1.0261227205417884,5.3932023,6.9299164,4.316184,2.989368,0.87410176,0.8596138,27679
1,3,5876,6157,2933,839,370,4478,-0.3525385979885781,0.20707590990608082,8.739179,7.466668,2.3159125,3.4346113,0.9598665,0.85451186,20653
2,3,18601,6327,10099,2205,2767,3181,0.31657856312201227,0.4420662920478228,8.592712,6.270738,3.5325441,5.903627,0.84452116,0.8019688,43180
1,3,7780,2495,9464,669,2518,501,-0.3237557369900895,-0.7035869463196534,7.5751157,8.240245,7.224818,6.9458785,0.81374896,0.7553104,23427
2,3,17546,4519,4602,1066,2259,2124,-0.32000059737195213,0.15662814687056847,8.519411,6.5583277,4.6848874,7.344968,0.8255621,0.784709,32116
1,3,5567,871,2010,3383,375,569,-1.1184472015759515,-0.23052751899310558,12.073249,9.367422,11.283211,12.019805,0.8217099,0.8089043,12775
1,3,31276,1917,4469,9408,2381,4334,-0.17669454461938955,2.1437169897249833,13.942726,6.7794495,0.0,2.2299514,0.82483923,0.84723544,53785
2,3,26373,36423,22019,5154,4337,16523,4.685654205577527,3.598678382684399,8.758093,5.684962,0.0,0.0,0.92832446,1.0420127,110829
2,3,22647,9776,13792,2915,4482,5778,1.2450420797429518,1.0556596612741738,8.809594,5.937078,1.0563693,2.6093354,0.8549929,0.8238139,59390
2,3,16165,4230,7595,201,4003,57,-0.15411402588073542,-0.5228936248345414,7.831172,7.625724,11.250359,8.663617,0.7679232,0.7187675,32251
1,3,9898,961,2861,3151,242,833,-1.0396235408198575,-0.036479651125875076,11.385992,8.809589,10.088771,10.879372,0.8322567,0.798935,17946
1,3,14276,803,3045,485,100,518,-1.0975271802600233,-0.24298196589573967,10.716694,7.741402,10.605683,13.442079,0.86308074,0.82073694,19227
2,3,4113,20484,25957,1158,8604,5206,3.1220916032889465,-0.3300749217937493,4.0530615,5.1373205,1.1461477,0.0,0.83459234,0.8658336,65522
1,3,43088,2100,2609,1200,1107,823,-0.7799399388366394,1.0731733411860882,10.878621,4.536992,6.109992,13.375869,0.8385191,0.7590317,50927
1,3,18815,3610,11107,1148,2134,2963,0.07458318838806759,0.2665039107629261,8.581625,6.341943,3.6952288,6.1750755,0.881222,0.8180811,39777
1,3,2612,4339,3133,2088,820,985,-0.7291893279631081,-0.44480925579424063,8.198594,9.581549,8.961854,9.872124,0.8202951,0.7962673,13977
1,3,21632,1318,2886,266,918,405,-0.9622304278035116,-0.018989195556772115,10.769216,6.0885572,8.577765,14.884532,0.84023833,0.7924929,27425
1,3,29729,4786,7326,6130,361,1083,-0.34977090329451194,1.1805945291564517,10.772314,5.210015,3.3265977,11.189173,0.79594576,0.80801874,49415
1,3,1502,1979,2262,425,483,395,-1.0690823348451701,-0.8015969195696591,8.6622095,10.803161,11.220867,11.997945,0.85223067,0.7890923,7046
2,3,688,5491,11091,833,4239,436,0.16724767633714105,-1.0743968959242802,5.801428,7.65002,5.9543104,4.3004284,0.83574855,0.8194358,22778
1,3,29955,4362,5428,1729,862,4626,-0.17213677330079022,1.2670063771205442,9.444226,5.8663564,1.7672999,4.117165,0.8937833,0.88229644,46962
2,3,15168,10556,12477,1920,6506,714,0.9726885710283278,-0.3681751789363517,5.15813,5.8505974,3.943177,2.1176112,0.7956759,0.7359021,47341
2,3,4591,15729,16709,33,6956,433,1.5846641704799675,-1.1292469229805422,4.327233,5.5598555,3.3757398,1.1798236,0.9367997,0.86848444,44451
1,3,56159,555,902,10002,212,2916,-0.7793956704253292,3.160419943833687,11.425714,4.427336,0.0,4.4542065,0.9085015,0.8980583,70746
1,3,24025,4332,4757,9510,1145,5864,-0.011398781782537597,2.2164688785695366,13.911548,6.809497,0.0,2.045754,0.79003173,0.82883143,49633
1,3,19176,3065,5956,2033,2575,2802,-0.23289017820356636,0.41382538770913335,8.689575,6.430614,3.8161724,6.434455,0.81170225,0.78959215,35607
2,3,10850,7555,14961,188,6899,46,0.8557236542714345,-0.9796731395308355,5.1958647,6.397946,5.737801,2.6055825,0.81531996,0.76416355,40499
2,3,630,11095,23998,787,9529,72,1.9458622105746584,-1.5666979736395164,3.8236883,5.6127076,6.434811,0.55037,0.86690104,0.86607313,46111
2,3,9670,7027,10471,541,4618,65,0.2813087413228579,-0.7956954109737742,6.009073,7.18377,4.8408184,3.4603386,0.80389005,0.78917444,32392
2,3,5181,22044,21531,1740,7353,4985,2.8134968943919114,-0.09887393332108459,4.176407,5.229156,1.2726767,0.0,0.8417186,0.8411053,62834
2,3,3103,14069,21955,1668,6792,1452,1.865319811895263,-0.893604773714601,4.238234,5.6497507,3.609923,0.45092016,0.8391079,0.8285926,49039
2,3,44466,54259,55571,7782,24171,6465,9.53811612922101,1.5076371010419194,3.1440384,4.5145063,0.0,0.0,0.8764059,0.92613983,192714
2,3,11519,6152,10868,584,5121,1476,0.4300766673640302,-0.5033835312524051,6.3168635,7.0253043,7.5857515,4.9981003,0.80895674,0.772781,35720
2,3,4967,21412,28921,1798,13583,1163,3.5979048535172233,-1.239366405120676,3.2902253,4.912616,4.0005627,0.0,0.8708508,0.8376985,71844
1,3,6269,1095,1980,3860,609,2162,-0.9287053254526904,0.13452395003532616,12.296177,9.297591,5.653187,6.890447,0.8158353,0.77397835,15975
1,3,3347,4051,6996,239,1538,301,-0.5094453715480775,-0.8707883510719299,7.5318427,8.833184,8.5275545,8.985282,0.8313881,0.7911526,16472
2,3,40721,3916,5876,532,2587,1278,-0.25071275534079857,0.8623814102169989,10.830685,4.5687847,5.5073237,11.746578,0.7814086,0.7418865,54910
2,3,491,10473,11532,744,5611,224,0.7002834808423575,-1.1559072168946405,5.034948,6.614817,3.7240174,2.0269158,0.87556237,0.8652784,29075
1,3,27329,1449,1947,2436,204,1333,-0.9679267978278155,0.7129368678640357,10.917736,5.562869,4.7566986,10.978007,0.85422313,0.80282056,34698
1,3,5264,3683,5005,1057,2024,1130,-0.5138382981045402,-0.5387312359733734,8.210644,8.85362,8.389539,9.243602,0.81501466,0.7706494,18163
2,3,4098,29892,26866,2616,17740,1340,4.599755905903984,-1.2363758983067659,3.205183,4.6975484,4.4414043,0.0,1.0097857,0.89320093,82552
2,3,5417,9933,10487,38,7572,1282,0.9251660720874925,-0.9447766607259448,4.910411,6.768771,4.511366,2.2036948,0.8219174,0.817835,34729
1,3,13779,1970,1648,596,227,436,-1.0896075285634972,-0.2365773733763909,10.627214,7.791785,10.981422,13.542417,0.8593972,0.82794404,18656
1,3,6137,5360,8040,129,3084,1603,-0.04758853208031265,-0.6191651922444901,6.3878665,7.4260616,9.057486,7.7162395,0.83869064,0.7985672,24353
2,3,8590,3045,7854,96,4095,225,-0.22732589920797014,-0.8449040817853907,7.571139,8.126963,11.437397,8.695029,0.80237967,0.75576615,23905
2,3,35942,38369,59598,3254,26701,2017,8.43092530729674,-0.5923692911126331,3.142512,4.6281557,3.4971695,0.0,0.9345323,0.79509693,165881
2,3,7823,6245,6544,4154,4074,964,0.032410657933517786,-0.17574736360292767,5.945632,7.952786,11.558436,8.889452,0.780898,0.76232815,29804
2,3,9396,11601,15775,2896,7677,1295,1.4281181829897092,-0.4840837527566895,4.7456846,5.749659,4.164182,1.571766,0.79481876,0.7679913,48640
1,3,4760,1227,3250,3724,1247,1145,-0.8642872859634074,-0.17996637426384254,12.359782,9.313032,9.203113,9.969537,0.7912654,0.781928,15353
2,3,85,20959,45828,36,24231,1423,5.810579391251113,-2.4549317201534993,3.054147,4.6819415,4.1495976,0.0,0.9302731,0.98901933,92562
1,3,9,1534,7417,175,3468,27,-0.4837299209851174,-1.20570517384716,6.769001,8.492825,10.402294,8.537769,0.85807824,0.80717677,12630
2,3,19913,6759,13462,1256,5141,834,0.614470849708418,-0.21694580418624615,7.887932,6.1272197,6.61087,4.3760877,0.7823075,0.6936624,47365
1,3,2446,7260,3993,5870,788,3095,-0.23876815072086838,0.42411686926427933,12.928915,9.074556,4.463707,5.308579,0.7922045,0.7748187,23452
1,3,8352,2820,1293,779,656,144,-1.0412656228559634,-0.5005082069890011,10.012773,9.069511,12.422918,13.411508,0.8302795,0.81423724,14044
1,3,16705,2037,3202,10643,116,1365,-0.8046053821769114,1.3012850505334514,14.272419,7.2700386,0.0,9.584908,0.85399204,0.8550598,34068
1,3,18291,1266,21042,5373,4173,14472,1.801281758891889,2.548620576691651,8.852987,5.810632,0.0,0.0,1.2114878,0.9965303,64617
1,3,4420,5139,2661,8872,1321,181,-0.6343489130953581,0.33145737223049593,13.738142,8.421237,13.940916,14.291968,0.8642502,0.79956573,22594
2,3,19899,5332,8713,8132,764,648,-0.22896966531604535,0.9075207544573807,13.926563,7.1794543,0.27189857,12.454382,0.7957778,0.80922455,43488
2,3,8190,6343,9794,1285,1901,1780,0.03064858387205777,-0.3084683606817535,6.584103,7.2770658,5.308195,5.181446,0.8326057,0.7958149,29293
1,3,20398,1137,3,4407,3,975,-1.167109428157232,0.6448422228642475,11.439867,6.3751245,7.7404704,13.103211,0.83057374,0.7951739,26923
1,3,717,3587,6532,7530,529,894,-0.5679203181643925,0.10052206736490722,13.466339,8.778391,8.092099,8.926007,0.8551365,0.78139174,19789
2,3,12205,12697,28540,869,12034,1009,2.752948663737723,-1.0910029595060795,3.315146,5.2345066,5.196744,0.0,0.8731954,0.814097,67354
1,3,10766,1175,2067,2096,301,167,-1.1324412991145767,-0.2409354583106875,10.823988,8.811718,12.754479,13.55553,0.83313614,0.81940126,16572
1,3,1640,3259,3655,868,1202,1653,-0.6903938253158397,-0.5603432735191758,8.379685,9.780885,6.8671217,7.783968,0.8510309,0.79713833,12277
1,3,7005,829,3009,430,610,529,-1.063340330564802,-0.578287112454595,9.854295,9.472557,11.009066,11.7649145,0.85526097,0.79876983,12412
2,3,219,9540,14403,283,7818,156,1.0489486258925755,-1.4105491433521309,4.662019,6.7539034,4.7958865,2.0783935,0.8392422,0.85079956,32419
2,3,10362,9232,11009,737,3537,2342,0.5580907209018314,-0.2599706200174194,6.3533416,6.9448414,3.8286085,3.0213685,0.8584403,0.8051356,37219
1,3,20874,1563,1783,2320,550,772,-1.0023082203946578,0.31341047252838633,11.066984,6.2757587,8.016022,13.734033,0.8256306,0.79096633,27862
2,3,11867,3327,4814,1178,3837,120,-0.40843051225180044,-0.526562578941396,7.766826,8.011473,15.008038,11.899281,0.7639831,0.7569221,25143
2,3,16117,46197,92780,1026,40827,2944,12.653002077266358,-2.7152059094106593,3.0996754,4.589378,2.3114374,0.0,1.0658715,0.9832893,199891
2,3,22925,73498,32114,987,20070,903,8.420988796246263,-0.4468577683294913,3.184801,4.5584936,5.342982,0.0,1.0641357,1.0211908,150497
1,3,43265,5025,8117,6312,1579,14351,1.0756854574888335,4.069341799774197,8.960182,5.73201,0.3373441,2.6497033,0.9458202,0.975796,78649
1,3,7864,542,4042,9735,165,46,-1.014288901172112,0.5488453051671149,13.956337,8.215402,11.900704,12.4909315,0.87146115,0.8467983,22394
1,3,24904,3836,5330,3443,454,3178,-0.39089963728732463,1.0302463917012707,9.95319,5.939926,2.1399345,5.6250887,0.860084,0.8456737,41145
1,3,11405,596,1638,3347,69,360,-1.1957476379351286,-0.009482585444406156,11.41675,8.728022,12.149059,13.176534,0.84739757,0.8103757,17415
1,3,12754,2762,2530,8693,627,1117,-0.7890259365377522,0.8371028962289797,14.048536,7.760536,9.094667,10.748468,0.841468,0.82311296,28483
2,3,9198,27472,32034,3232,18906,5130,5.228908864734288,-0.4365352919877865,3.0625672,4.6542263,1.1474062,0.0,0.85627717,0.88296545,95972
1,3,11314,3090,2062,35009,71,2698,-0.44490063420285825,4.417973550645453,14.72537,7.181907,0.0,4.76781,1.0382627,0.93033,54244
2,3,5626,12220,11323,206,5038,244,0.7642179442662285,-0.9519205030205663,5.0908437,6.544192,3.2034342,1.7444332,0.883418,0.86509806,34657
1,3,3,2920,6252,440,223,709,-0.7631789623000095,-0.8430016771663457,8.038946,10.051647,8.074098,8.624792,0.8540656,0.8054363,10547
2,3,23,2616,8118,145,3874,217,-0.29766813902322253,-1.195233624271711,6.6605396,8.348067,9.704756,7.414602,0.8526509,0.8113091,14993
1,3,403,254,610,774,54,63,-1.3762252057314979,-0.8340005621745535,8.937068,11.174159,12.72747,13.391147,0.8671268,0.81858706,2158
1,3,503,112,778,895,56,132,-1.3685347634447855,-0.8065126032213139,8.945835,11.16341,12.676638,13.328916,0.8641715,0.8170683,2476
1,3,9658,2182,1909,5639,215,323,-1.0301167904853334,0.20571102308688233,13.392134,8.456418,12.276026,13.064836,0.84098554,0.805102,19926
2,3,11594,7779,12144,3252,8035,3029,1.1294687312674212,-0.04340041258159052,5.0488257,6.001512,5.3827667,2.7243767,0.7516016,0.73525345,45833
2,3,1420,10810,16267,1593,6766,1838,1.3018099312040803,-0.8521348174451655,4.4742455,6.231381,4.43239,1.7010176,0.7994056,0.83269525,38694
2,3,2932,6459,7677,2561,4573,1386,0.17869599905766895,-0.5471844208257614,6.0148134,7.88455,10.018629,7.092728,0.7998167,0.7921145,25588
1,3,56082,3504,8906,18028,1480,2498,0.12073486799576924,3.9362605228292327,11.5970125,4.349708,0.0,5.516831,0.9330915,0.89861685,90498
1,3,14100,2132,3445,1336,1491,548,-0.8035656359037836,-0.20340201659792337,10.363959,7.820461,10.38588,12.968407,0.81042737,0.7929462,23052
1,3,15587,1014,3970,910,139,1378,-0.9361259471303286,0.005368741565946279,10.721844,7.3586407,6.8643527,9.550551,0.849434,0.81569237,22998
2,3,1454,6337,10704,133,6830,1831,0.6230407533913298,-1.0042899330565531,5.1224427,7.324374,8.9938345,5.0827656,0.8132996,0.8340763,27289
2,3,8797,10646,14886,2471,8969,1438,1.4581964075716107,-0.6034291465105371,4.7845607,5.887267,4.5188513,1.8728149,0.78609586,0.7701384,47207
2,3,1531,8397,6981,247,2505,1236,-0.0011339575991676518,-0.7808754965195195,6.4840827,8.229195,4.1159573,4.2991047,0.8715146,0.85379416,20897
2,3,1406,16729,28986,673,836,3,1.6607422372651774,-1.1083113473421777,4.247107,5.7416387,2.0411506,0.7284254,1.0509614,0.9726029,48633
1,3,11818,1648,1694,2276,169,1647,-0.9993050300761198,0.10877980729369989,10.917859,8.251941,6.907178,8.094206,0.84383273,0.79319555,19252
2,3,12579,11114,17569,805,6457,1519,1.36954447721865,-0.5422803621719073,4.8749127,5.8242073,4.6036844,1.3136873,0.81704956,0.77956885,50043
1,3,19046,2770,2469,8853,483,2708,-0.6452410369277821,1.4137408532381528,14.076268,7.2325974,0.0,5.0878115,0.84087265,0.84436023,36329
1,3,14438,2295,1733,3220,585,1561,-0.8898924297400105,0.3062800237807415,10.911242,6.999311,7.1444087,9.402396,0.82731843,0.7889321,23832
1,3,18044,1080,2000,2555,118,1266,-1.0380631323743499,0.3275546630190319,11.073293,6.6985035,7.0539446,11.012249,0.8431195,0.81976414,25063
1,3,11134,793,2988,2715,276,610,-1.0604730770387323,-0.08537624272995954,11.207197,8.67901,10.958542,11.802448,0.8326217,0.80562425,18516
1,3,11173,2521,3355,1517,310,222,-0.953151803511421,-0.2921899427764363,10.29273,8.508504,12.232868,13.064795,0.8381336,0.8164401,19098
1,3,6990,3880,5380,1647,319,1160,-0.6580705275837639,-0.29902985520294023,8.786354,9.059014,8.108643,8.953074,0.8386763,0.7958877,19376
1,3,20049,1891,2362,5343,411,933,-0.9154106186247312,0.6910657771957812,11.533898,6.440709,8.011678,13.287546,0.81009245,0.7900542,30989
1,3,8258,2344,2147,3896,266,635,-0.9933467672078827,-0.02123775322967435,11.8046055,8.960811,10.886621,11.786811,0.8214992,0.8029113,17546
1,3,17160,1200,3412,2417,174,1136,-0.9525076609630903,0.22656873985323994,11.042132,6.7918496,7.589067,11.320931,0.82893413,0.81982905,25499
1,3,4020,3234,1498,2395,264,255,-1.0311491458307507,-0.43543979475117606,9.295423,9.780643,11.903632,12.796297,0.82127714,0.8182973,11666
1,3,12212,201,245,1991,25,860,-1.282463934263935,-0.03785640967493499,11.072301,8.188609,9.685101,11.168054,0.854388,0.8079302,15534
2,3,11170,10769,8814,2194,1976,143,0.18195802371095712,-0.30136406832701274,6.889999,7.052778,3.065049,3.2264924,0.81511724,0.8119782,35066
1,3,36050,1642,2961,4787,500,1621,-0.777830757949659,1.3960105493104153,10.978014,4.9617405,2.892991,8.485855,0.8339632,0.8036796,47561
1,3,76237,3473,7102,16538,778,918,-0.1593114122546675,4.372938877478558,11.5682125,4.3114376,0.0,11.04619,0.9685145,0.93190277,105046
1,3,19219,1840,1658,8195,349,483,-0.9817230448586687,0.9489340971624213,14.089916,7.3620563,9.144182,14.237257,0.82400954,0.7992314,31744
2,3,21465,7243,10685,880,2386,2749,0.33377701918289554,0.33913447317235557,8.461938,6.215716,3.5910997,6.619805,0.87470126,0.8007332,45408
1,3,140,8847,3823,142,1062,3,-0.44148913536324197,-0.9419274997969078,7.493544,9.435294,3.9953482,4.291145,0.91911733,0.9231757,14017
1,3,42312,926,1510,1718,410,1819,-0.9233482589955376,1.3253437045943095,10.867232,4.647921,3.6775405,8.468787,0.8522639,0.8114637,48695
1,3,7149,2428,699,6316,395,911,-1.014489122225555,0.3032001458284983,13.495155,8.594646,10.661119,11.5877495,0.84486,0.79598737,17898
1,3,2101,589,314,346,70,310,-1.3446217914178262,-0.7653053419559721,9.006093,11.201427,12.023055,12.842949,0.8653725,0.8094758,3730
1,3,14903,2032,2479,576,955,328,-0.956375733809741,-0.26256320662739646,10.523848,7.6930985,10.751923,13.9455185,0.8436194,0.81243694,21273
1,3,9434,1042,1235,436,256,396,-1.2000597903156291,-0.45115186037271354,10.157606,9.155557,11.679607,12.561705,0.851217,0.8166443,12799
1,3,7388,1882,2174,720,47,537,-1.096222114093062,-0.46938946383809066,9.945127,9.382722,10.922726,11.78915,0.85014397,0.8070214,12748
1,3,6300,1289,2591,1170,199,326,-1.1146844061953058,-0.517152140234516,9.979599,9.559253,11.847915,12.604948,0.84888184,0.80904853,11875
1,3,4625,8579,7030,4575,2447,1542,0.09183687126192493,-0.0468156265952589,5.848203,7.773183,4.0530763,4.427026,0.8017044,0.7732909,28798
1,3,3087,8080,8282,661,721,36,-0.24698895451871955,-0.8064430121143962,7.3696837,9.068146,4.385541,4.415835,0.85414785,0.84962636,20867
1,3,13537,4257,5034,155,249,3271,-0.46653331551931515,0.17767560336673088,8.564138,7.127076,3.985639,5.780302,0.9509649,0.84975475,26503
1,3,5387,4979,3343,825,637,929,-0.6989880039532499,-0.48428161642470424,8.411068,9.2599535,8.219096,9.122975,0.8320273,0.79379857,16100
1,3,17623,4280,7305,2279,960,2616,-0.2658730595569828,0.4261415932030336,8.72747,6.489071,4.132267,6.63106,0.86810875,0.8023281,35063
1,3,30379,13252,5189,321,51,1450,0.08340936901899183,0.6861864928495433,9.468292,5.705403,4.7943764,10.585811,0.9219942,0.9185736,50642
1,3,37036,7152,8253,2995,20,3,-0.26116704578230193,0.9281486696297092,10.727128,5.004324,7.988232,18.523413,0.7809835,0.875028,55459
1,3,10405,1596,1096,8425,399,318,-1.070359353926106,0.5832726085782399,13.885406,8.214603,12.360283,13.25312,0.86338234,0.81928915,22239
1,3,18827,3677,1988,118,516,201,-0.9179990640335736,-0.1294038517651885,10.486607,7.2794185,9.989538,15.245565,0.88889056,0.84245193,25327
2,3,22039,8384,34792,42,12591,4430,3.2063775447177556,-0.3466800297778427,3.4178584,5.131523,1.1853423,0.0,0.9577061,0.9023069,82278
1,3,7769,1936,2177,926,73,520,-1.0870836683830052,-0.4313726353915828,9.994441,9.344907,11.017204,11.887226,0.84498894,0.8080737,13401
1,3,9203,3373,2707,1286,1082,526,-0.823046630829176,-0.3710110354540523,9.926006,8.791927,10.795673,11.77819,0.8119699,0.79315406,18177
1,3,5924,584,542,4052,283,434,-1.2434943855851712,-0.13115398634263903,12.111506,9.251085,12.126556,12.880442,0.83800817,0.81108564,11819
1,3,31812,1433,1651,800,113,1440,-0.9902618927895698,0.7224541902485728,10.884608,5.3660336,4.6614747,10.364203,0.8986693,0.8173073,37249
1,3,16225,1825,1765,853,170,1067,-1.033034035696434,0.01060157624736496,10.711163,7.3545947,7.8953485,11.11847,0.8630586,0.8189347,21905
1,3,1289,3328,2022,531,255,1774,-0.8881057022516635,-0.5191721054566807,8.288766,9.89326,6.6198435,7.5767865,0.8798292,0.81209946,9199
1,3,18840,1371,3135,3001,352,184,-1.0084375966008974,0.19664505277521793,11.3129,6.5212984,10.866663,16.389511,0.81463593,0.7933365,26883
1,3,3463,9250,2368,779,302,1627,-0.426657016791008,-0.3644042815174227,7.409327,9.362432,3.8847308,4.322907,0.89420605,0.87524825,17789
1,3,622,55,137,75,7,8,-1.436709618452152,-0.9152548145820261,9.013555,11.275773,12.9323,13.654679,0.88514525,0.8239986,904
2,3,1989,10690,19460,233,11577,2153,2.057403588979167,-1.2517433108455895,3.6496582,5.780935,6.4684267,0.79877234,0.8124213,0.8494897,46102
2,3,3830,5291,14855,317,6694,3182,0.912612762757373,-0.7083776138920403,5.1486526,7.346866,7.6663694,4.188753,0.83012795,0.8397242,34169
1,3,17773,1366,2474,3378,811,418,-0.9752505973054751,0.22698087680854181,11.267688,6.5822196,10.086168,14.931845,0.8076527,0.78020024,26220
2,3,2861,6570,9618,930,4004,1682,0.24847396668383498,-0.7008964979019688,6.0274987,7.5732846,7.8019233,5.720158,0.83745015,0.82672065,25665
2,3,355,7704,14682,398,8077,303,0.9747022686654159,-1.4029442917855397,4.5396953,6.8427753,5.7880473,2.7087104,0.8232204,0.8405287,31519
2,3,1725,3651,12822,824,4424,2157,0.31349236349301307,-0.7814601168540621,5.6345987,7.379445,6.9071956,4.8173532,0.82869864,0.8246051,25603
1,3,12434,540,283,1092,3,2233,-1.1451372695613042,0.10827121267865628,9.712064,8.045057,5.5135074,7.1591134,0.88355374,0.8054126,16585
1,3,15177,2024,3810,2665,232,610,-0.9111583056990679,0.08087324880203438,11.194594,6.9873433,10.440018,13.742253,0.8255002,0.81112033,24518
2,3,5531,15726,26870,2367,13726,446,3.0133934937102684,-1.3126536703002802,3.3298965,5.226418,4.7132373,0.0,0.85679334,0.82128257,64666
2,3,5224,7603,8584,2540,3674,238,0.12128141138536812,-0.6124059953962364,5.9991713,7.977603,4.3332214,3.8894618,0.8011983,0.7947835,27863
2,3,15615,12653,19858,4425,7108,2379,1.8224662248401677,0.14210651353039022,4.8137383,5.7537065,3.6734788,0.80478424,0.80392706,0.7644758,62038
2,3,4822,6721,9170,993,4973,3637,0.5238450014616225,-0.3044052441291425,6.0813856,7.20738,8.425673,5.7120523,0.7975715,0.78212965,30316
1,3,2926,3195,3268,405,1680,693,-0.7489488840528074,-0.7571837560823139,8.233401,9.505138,10.006159,10.9001875,0.8271862,0.77833736,12167
1,3,5809,735,803,1393,79,429,-1.2688034757092046,-0.4634250236522563,10.2115,9.834745,11.655512,12.5064,0.8421261,0.8167185,9248
1,3,5414,717,2155,2399,69,750,-1.1511655675045576,-0.31613470988298525,11.203632,9.592039,10.434097,11.1884985,0.83009624,0.8053372,11504
2,3,260,8675,13430,1116,7015,323,0.8567794404060198,-1.2256858033186082,4.673478,6.804514,5.130253,2.4183016,0.82658595,0.8352077,30819
2,3,200,25862,19816,651,8773,6250,3.2380210961007094,-0.22451631366822317,4.1494184,5.1150107,1.2221656,0.0,0.9143728,0.8853856,61552
1,3,955,5479,6536,333,2840,707,-0.25321582535468223,-0.9328179024872074,6.669111,8.402368,9.548082,8.817562,0.84374225,0.8210958,16850
2,3,514,7677,19805,937,9836,716,1.5306586399102424,-1.4278478125731158,3.9364812,6.200629,8.192731,1.4303026,0.8391347,0.8708294,39485
1,3,286,1208,5241,2515,153,1442,-0.8719552890927041,-0.4384042818032976,8.515794,10.15424,7.7698946,8.513839,0.85132545,0.8153308,10845
2,3,2343,7845,11874,52,4196,1697,0.4928383904582978,-0.8611642095422145,5.582805,7.172251,4.563278,3.2843146,0.8740147,0.85414326,28007
1,3,45640,6958,6536,7368,1532,230,-0.11069513408553885,1.822800085721027,11.289569,4.4762263,3.6196287,14.908579,0.7887199,0.85218495,68264
1,3,12759,7330,4533,1752,20,2631,-0.3385389276129647,0.28657414708858864,8.279955,6.8842497,4.751704,6.513318,0.873732,0.8504882,29025
1,3,11002,7075,4945,1152,120,395,-0.5304299363676057,-0.27729279206888596,9.410262,8.651011,7.8230877,8.361188,0.82166064,0.8157459,24689
1,3,3157,4888,2500,4477,273,2165,-0.6589951453855828,0.13558377429385443,12.696306,9.279232,5.671115,6.7704926,0.8461348,0.8018135,17460
1,3,12356,6036,8887,402,1382,2794,-0.012851370270718256,-0.025870922363867666,8.283745,6.7901816,4.5267572,6.229,0.9092684,0.83649635,31857
1,3,112151,29627,18148,16745,4948,8550,3.7269594650831834,7.167538561853782,11.476645,4.3673306,0.0,0.0,0.74637616,0.97579384,190169
1,3,694,8533,10518,443,6907,156,0.6357630879762985,-1.273276308642731,4.8230734,6.891632,4.867638,2.5485444,0.857314,0.8506936,27251
1,3,36847,43950,20170,36534,239,47943,7.79794031004748,13.94908417536212,8.833119,5.6772895,0.0,0.0,0.77325916,1.0589337,185683
1,3,327,918,4710,74,334,11,-1.0569114240687951,-1.0053397349667934,8.687811,11.047754,10.07366,10.429213,0.8785838,0.8015283,6374
1,3,8170,6448,1139,2181,58,247,-0.8280078930178175,-0.23759519480407434,9.460106,8.871796,9.492482,10.368085,0.83941936,0.83860075,18243
1,3,3009,521,854,3470,949,727,-1.142561599901716,-0.3150984941978034,12.174562,9.445564,11.043066,11.713786,0.8010192,0.8010279,9530
1,3,2438,8002,9819,6269,3459,3,0.2105412311046582,-0.30380698526293,5.7332015,7.904318,4.234892,3.5488908,0.86396205,0.7779739,29990
2,3,8040,7639,11687,2758,6839,404,0.7044277099694438,-0.654502547553838,5.103661,6.706375,5.1461167,2.8155074,0.7867228,0.7737935,37367
2,3,834,11577,11522,275,4027,1856,0.7391186258513799,-0.8110770134803112,5.520264,6.7725496,3.0844133,2.2180526,0.9256902,0.8799325,30091
1,3,16936,6250,1981,7332,118,64,-0.7163786114112977,0.7269011470421058,13.89762,7.3358784,10.978499,15.572463,0.8169844,0.82685685,32681
1,3,13624,295,1381,890,43,84,-1.2794530164705507,-0.2739257389927645,10.774405,7.8188515,12.564015,15.312027,0.8608838,0.8309003,16317
1,3,5509,1461,2251,547,187,409,-1.1260305555577006,-0.6060699824563041,9.935568,9.654699,11.409887,12.2184105,0.8586595,0.80275553,10364
2,3,180,3485,20292,959,5618,666,0.7591651671346625,-1.2767141218578508,4.2751803,6.644238,9.220897,3.0342157,0.8766479,0.8402915,31200
1,3,7107,1012,2974,806,355,1142,-1.022888371092118,-0.4006339856050636,9.653334,9.116801,8.486411,9.406249,0.8494459,0.8025892,13396
1,3,17023,5139,5230,7888,330,1755,-0.42039339751633154,1.0294057655036475,13.917484,7.379618,0.0,8.312823,0.8134644,0.8187765,37365
1,1,30624,7209,4897,18711,763,2876,0.021617446123944815,3.1680492173112875,14.503284,6.9511633,0.0,4.4734774,0.8972874,0.8703655,65080
2,1,2427,7097,10391,1127,4314,1468,0.3520403153627598,-0.7550694613226101,5.754361,7.338537,4.9959326,3.6033914,0.83323956,0.8299171,26824
1,1,11686,2154,6824,3527,592,697,-0.6712188613505659,-0.004993582073507967,11.03716,8.663843,10.503044,11.941854,0.8028614,0.79919887,25480
1,1,9670,2280,2112,520,402,347,-1.040817386709254,-0.4468262473918538,9.986701,9.008951,11.688131,12.605445,0.841839,0.8075154,15331
2,1,3067,13240,23127,3941,9959,731,2.2006034484556736,-0.9347510447457331,3.8324552,5.478171,4.956357,0.0,0.8479887,0.81185055,54065
2,1,4484,14399,24708,3549,14235,1681,2.959925735215208,-0.9953256147546906,3.288191,5.293723,4.5453405,0.0,0.8485959,0.8267284,63056
1,1,25203,11487,9490,5065,284,6854,0.751785892771492,1.936592730625958,8.953941,5.8977103,0.53715384,1.9994731,0.8657616,0.8636086,58383
1,1,583,685,2216,469,954,18,-1.149251262125391,-0.9410687652389349,8.839189,11.116077,11.5820875,12.173322,0.86489344,0.8042656,4925
1,1,1956,891,5226,1383,5,1328,-0.9297056876472108,-0.5271321067951747,8.538656,10.106888,8.14372,8.916181,0.86854714,0.8108494,10789
2,1,1107,11711,23596,955,9265,710,1.9961840966609252,-1.384103492654387,3.8455455,5.691162,5.829544,0.48086798,0.8496245,0.86630297,47344
1,1,6373,780,950,878,288,285,-1.2486628870961287,-0.543506296405654,10.1611595,9.7844515,12.173632,13.018624,0.8474427,0.81922996,9554
2,1,2541,4737,6089,2946,5316,120,-0.06897533393711233,-0.7764047449020666,6.1070237,8.034495,14.168276,9.66443,0.8190699,0.8186161,21749
1,1,1537,3748,5838,1859,3381,806,-0.3346598030881678,-0.7361901915529209,6.6910625,8.41833,12.108301,10.1669,0.79462713,0.78907824,17169
2,1,5550,12729,16767,864,12420,797,2.039993983349908,-1.246831417396578,3.6362655,5.587226,5.1498957,0.22403228,0.8141355,0.796512,49127
1,1,18567,1895,1393,1801,244,2100,-0.9328807891152724,0.415426911123241,10.632623,6.540732,4.5976696,7.497891,0.88442254,0.8182493,26000
2,1,12119,28326,39694,4736,19410,2870,5.643833221292764,-0.6646642952223428,3.0914295,4.611326,2.2471921,0.0,0.91197836,0.8536217,107155
1,1,7291,1012,2062,1291,240,1775,-1.03016297078534,-0.19830425576853172,9.446224,8.399105,6.6795287,7.788566,0.8499576,0.80274636,13671
1,1,3317,6602,6861,1329,3961,1215,0.04217697939445487,-0.6700368742599192,6.184218,7.8944054,10.740037,8.191137,0.81355727,0.8134795,23285
2,1,2362,6551,11364,913,5957,791,0.49807200632058984,-1.0151286646299593,5.2065735,7.2518506,5.6366634,3.5783076,0.81283516,0.818498,27938
1,1,2806,10765,15538,1374,5828,2388,1.196885500818522,-0.6623921444447369,4.6555023,6.281137,3.8559334,2.3038077,0.81462425,0.8275732,38699
2,1,2532,16599,36486,179,13308,674,3.603445197486382,-1.7887282408834713,3.2102377,5.1299143,4.37263,0.0,0.9279129,0.9151643,69778
1,1,18044,1475,2046,2532,130,1158,-1.0144427944803656,0.30842916743504456,11.003821,6.660288,7.426746,11.482245,0.8451049,0.8184865,25385
2,1,18,7504,15205,1285,4797,6372,1.157971006801429,-0.053421481612075876,6.009606,7.041559,0.798913,0.82734257,0.9022019,0.85327584,35181
1,1,4155,367,1390,2306,86,130,-1.2817611579047747,-0.4845341599052303,9.674921,10.147361,12.92641,13.637999,0.8392177,0.8232645,8434
1,1,14755,899,1382,1765,56,749,-1.1614482381823978,0.008772893785452722,10.935299,7.7116127,9.720369,12.558632,0.85298234,0.8168305,19606
1,1,5396,7503,10646,91,4167,239,0.2713317549639862,-0.9730405504088263,5.832667,7.404618,4.7065024,3.5119565,0.832849,0.8201983,28042
1,1,5041,1115,2856,7496,256,375,-1.0379825830180414,0.22735552512072874,13.756539,8.479746,11.901398,12.564952,0.85422355,0.813048,17139
2,1,2790,2527,5265,5612,788,1360,-0.6658512941095058,0.022443686310581714,12.864484,9.160577,8.158739,8.976996,0.8138426,0.7748682,18342
1,1,7274,659,1499,784,70,659,-1.2141384772260302,-0.44889026628099554,10.240092,9.625573,10.647202,11.489082,0.8529456,0.80880064,10945
1,1,12680,3243,4157,660,761,786,-0.753006909940856,-0.2646601036207096,10.191828,8.076377,9.450735,11.166253,0.8391346,0.79566574,22287
2,1,20782,5921,9212,1759,2568,1553,0.06847636650837813,0.2053224104889538,8.357516,6.3419194,5.1339636,9.071632,0.8099147,0.76111895,41795
1,1,4042,2204,1563,2286,263,689,-1.0662222163166497,-0.3831443601984642,9.356855,9.904348,10.601525,11.461492,0.81587344,0.8062117,11047
1,1,1869,577,572,950,4762,203,-0.7930967233085483,-0.9735779918943547,6.9214573,8.701244,21.487383,16.049307,0.80353045,0.8280113,8933
1,1,8656,2746,2501,6845,694,980,-0.8297738343411807,0.4050436931576972,13.592341,8.318127,9.985724,10.944327,0.83733565,0.7935357,22422
2,1,11072,5989,5615,8321,955,2137,-0.24395216928814994,0.8738403900795076,13.816559,7.632029,0.0,6.9082537,0.8115382,0.7836726,34089
1,1,2344,10678,3828,1439,1566,490,-0.1835633566697005,-0.6055854503263628,7.3542414,9.33356,3.1607103,3.4056203,0.89977175,0.9030449,20345
1,1,25962,1780,3838,638,284,834,-0.8865129451455099,0.31018269081756555,10.721147,5.809615,6.1114492,13.151033,0.8543699,0.80630803,33336
1,1,964,4984,3316,937,409,7,-0.8217601209559152,-0.8073416150192833,7.850609,9.75127,9.6234455,10.282291,0.8552847,0.837696,10617
1,1,15603,2703,3833,4260,325,2563,-0.6581343525178478,0.651635962025749,10.683936,6.6657763,4.4324884,6.6703644,0.83574516,0.8056848,29287
1,1,1838,6380,2824,1218,1216,295,-0.6242308555680123,-0.7037729875810291,7.75385,9.613436,8.383394,9.129412,0.8533305,0.84932804,13771
1,1,8635,820,3047,2312,415,225,-1.085589073444016,-0.3175767034431725,10.845464,8.974324,12.479557,13.157282,0.83587736,0.8125972,15454
1,1,18692,3838,593,4634,28,1215,-0.9107084997376255,0.6651736749070737,11.540881,6.447076,7.0870714,11.37337,0.83050436,0.81275344,29000
1,1,7363,475,585,1112,72,216,-1.3186337507080848,-0.47123435458244417,10.2746725,9.745864,12.547684,13.381688,0.8485251,0.82495856,9823
1,1,47493,2567,3779,5243,828,2253,-0.5222762172756246,2.0250891745272415,11.2072935,4.523542,1.7933588,6.3932204,0.8330702,0.8208853,62163
1,1,22096,3575,7041,11422,343,2564,-0.2980849153669661,1.785491404735788,14.313002,7.061197,0.0,5.4201727,0.8563565,0.8733587,47041
1,1,24929,1801,2475,2216,412,1047,-0.9214341154874293,0.518413370785821,11.009884,5.7757964,5.9515233,12.358018,0.83354306,0.79157937,32880
1,1,18226,659,2914,3752,586,578,-1.0069885454231886,0.31900740995889193,11.299155,6.611908,9.301712,14.140319,0.8091343,0.7901711,26715
1,1,11210,3576,5119,561,1682,2398,-0.4273023847584709,-0.11044128213388672,8.726651,7.605327,5.259401,6.628909,0.8530782,0.7969208,24546
1,1,6202,7775,10817,1183,3143,1970,0.35099303856022335,-0.43654761514416585,6.286221,7.14903,4.435873,3.5527153,0.8439157,0.8144783,31090
2,1,3062,6154,13916,230,8933,2784,1.1384006639955147,-0.9184864349207214,5.019048,7.269119,11.094528,5.0243998,0.7941438,0.81816566,35079
1,1,8885,2428,1777,1777,430,610,-1.0132682267813566,-0.2687757060526468,10.229551,8.938577,10.77234,11.739174,0.81524515,0.80476224,15907
1,1,13569,346,489,2077,44,659,-1.266893814288469,-0.009421546401402699,11.039292,8.027524,10.355198,12.646009,0.8571861,0.8141761,17184
1,1,15671,5279,2406,559,562,572,-0.7420382160800093,-0.1301201421832004,10.30851,7.566658,9.143692,12.493467,0.86154526,0.8264569,25049
1,1,8040,3795,2070,6340,918,291,-0.8209502811283494,0.19877744927261157,13.528495,8.547259,13.256003,13.8762665,0.82905126,0.8048935,21454
1,1,3191,1993,1799,1730,234,710,-1.0776679672174891,-0.48949573742824004,9.17738,10.143097,10.44083,11.26535,0.83076763,0.7969353,9657
2,1,6134,23133,33586,6746,18594,5121,4.99272766148806,-0.17933623812099517,3.1182997,4.579817,0.44929343,0.0,0.86725825,0.8652923,93314
1,1,6623,1860,4740,7683,205,1693,-0.7501008170046357,0.5350971205827596,13.893171,8.339117,6.970294,8.078795,0.8293834,0.80492103,22804
1,1,29526,7961,16966,432,363,1391,0.4398521398094667,0.396310543340794,8.240409,6.00407,4.924817,10.783683,0.9320094,0.86049306,56639
1,1,10379,17972,4748,4686,1547,3265,0.7162757485085599,0.7053648764997597,6.321552,6.5293684,0.56606704,1.4902914,0.8390071,0.82138133,42597
1,1,31614,489,1495,3242,111,615,-1.1175423303808614,0.8662034047572662,10.941269,5.3362017,6.363156,14.860716,0.831414,0.81131196,37566
1,1,11092,5008,5249,453,392,373,-0.6424028591769227,-0.4081594366717344,9.653229,8.564641,9.785645,10.4459095,0.84669924,0.80162656,22567
1,1,8475,1931,1883,5004,3593,987,-0.6132119523597358,0.011609145293122968,12.974966,8.8467865,15.990248,12.942105,0.7836008,0.76350844,21873
1,1,56083,4563,2124,6422,730,3321,-0.3510755988001066,2.7770951420665897,11.349999,4.4372454,0.628674,4.9310036,0.8403981,0.8509435,73243
1,1,53205,4959,7336,3012,967,818,-0.24317312787583092,1.6904951297102204,11.26496,4.428409,6.234068,14.182143,0.830925,0.78604555,70297
1,1,9193,4885,2157,327,780,548,-0.7878113571716748,-0.4466739136266833,9.561333,8.735364,9.471539,10.388026,0.83684635,0.7959253,17890
1,1,7858,1110,1094,6818,49,287,-1.175085662678594,0.2820137074314801,13.511623,8.414336,12.625067,13.319758,0.8580189,0.8138018,17216
1,1,23257,1372,1677,982,429,655,-1.0532033552940732,0.22934889246716764,10.856073,5.926182,7.4661703,14.237897,0.85518324,0.8078988,28372
1,1,2153,1115,6684,4324,2894,411,-0.54059259620338,-0.4870400748899565,12.623338,9.260222,10.382555,9.54539,0.81551087,0.78808177,17581
2,1,1073,9679,15445,61,5980,1265,1.0095331558264067,-1.1203058551542577,4.54684,6.492322,4.169699,2.5074883,0.8707144,0.8612677,33503
1,1,5909,23527,13699,10155,830,3636,1.6659696795853594,1.2377231525340668,6.2121797,6.416072,0.16639116,0.6515579,0.7964359,0.79815906,57756
2,1,572,9763,22182,2221,4882,2563,1.436058946578577,-0.680512544628866,4.362413,6.0596232,5.7219954,1.6807201,0.8684373,0.870262,42183
1,1,20893,1222,2576,3975,737,3628,-0.6879201640411498,1.0079640585307186,10.134636,6.1076818,2.9560323,5.513032,0.8408763,0.855868,33031
2,1,11908,8053,19847,1069,6374,698,1.2006792039628071,-0.7491391149154198,4.916388,5.9687533,6.236209,1.9115293,0.84537864,0.7949035,47949
1,1,15218,258,1138,2516,333,204,-1.2304399462950266,0.00691863301509421,11.128325,7.764255,11.856458,15.552187,0.837205,0.796883,19667
1,1,4720,1032,975,5500,197,56,-1.2160238151722154,-0.06359671760796831,13.089295,8.783329,13.733285,14.364776,0.8539214,0.8226031,12480
1,1,2083,5007,1563,1120,147,1550,-0.815266592625514,-0.4200429426469955,8.111168,9.79934,7.2354174,8.19948,0.8667686,0.8197291,11470
1,1,514,8323,6869,529,93,1040,-0.3090856477503751,-0.6927550392264701,7.335383,9.221342,4.2567234,4.6309505,0.88484657,0.861405,17368
1,3,36817,3045,1493,4802,210,1824,-0.7763941294479614,1.5202528125029289,11.020059,4.86353,2.4818842,7.5610394,0.85015893,0.8084375,48191
1,3,894,1703,1841,744,759,1153,-1.015164868524116,-0.6625415895507196,8.504834,10.248685,8.801871,9.663793,0.8497239,0.7908291,7094
1,3,680,1610,223,862,96,379,-1.2649675536768659,-0.7357666814197792,8.83352,11.037686,11.690268,12.512477,0.85148185,0.8048268,3850
1,3,27901,3749,6964,4479,603,2503,-0.31893605784896845,1.1311530925699325,10.223597,5.5265102,2.032833,6.177407,0.84641707,0.83753526,46199
1,3,9061,829,683,16919,621,139,-1.0574033381261896,1.5516143252489054,14.844235,7.3837476,0.0,14.966367,0.9055089,0.8436738,28252
1,3,11693,2317,2543,5845,274,1409,-0.8696914715670061,0.49971273320009674,13.557908,8.071144,8.56242,9.894479,0.81858826,0.79247016,24081
2,3,17360,6200,9694,1293,3620,1721,0.23800819868989884,-0.027005994754879723,8.186616,6.374464,5.238354,8.101533,0.8029043,0.7416446,39888
1,3,3366,2884,2431,977,167,1104,-0.9535066297885229,-0.5026650411343387,8.490031,9.848993,8.763535,9.640128,0.8528859,0.79529357,10929
2,3,12238,7108,6235,1093,2328,2079,-0.042664182696737475,-0.06946671838179778,8.039545,6.807653,5.61971,6.917902,0.81876427,0.78073883,31081
1,3,49063,3965,4252,5970,1041,1404,-0.42744733184900424,2.0274554855470823,11.258576,4.459459,2.5053337,9.223353,0.8298074,0.80608445,65695
1,3,25767,3613,2013,10303,314,1384,-0.7089654571127461,1.665994999441828,14.125936,6.97876,0.0,9.596852,0.85449445,0.83639103,43394
1,3,68951,4411,12609,8692,751,2406,0.2668011049331079,3.2730187150114456,11.44056,4.389836,0.0,5.8123326,0.85546374,0.8787375,97820
1,3,40254,640,3600,1042,436,18,-0.9870804400830275,0.7949713117369456,10.851219,4.595406,7.9815173,17.658615,0.8370544,0.80452025,45990
1,3,7149,2247,1242,1619,1226,128,-1.0177121481005316,-0.48398381148273456,10.293398,9.242393,12.741539,13.690447,0.80855316,0.81257755,13611
1,3,15354,2102,2828,8366,386,1027,-0.8499792447209762,0.8893103731238262,14.101691,7.5016217,8.444798,11.344725,0.8288965,0.8204157,30063
1,3,16260,594,1296,848,445,258,-1.1923535846151225,-0.15477966232874,10.767072,7.649524,10.967337,15.166728,0.84896487,0.815851,19701
1,3,42786,286,471,1388,32,22,-1.2381399146322483,1.0109295615392502,10.913944,4.5321984,8.123571,18.12155,0.88328713,0.85850394,44985
1,3,2708,2160,2642,502,965,1522,-0.8725815339936579,-0.5694038330532978,8.471022,9.847221,7.462263,8.441346,0.8585505,0.79297197,10499
1,3,6022,3354,3261,2507,212,686,-0.8746540328319881,-0.28350329748641495,9.29797,9.516256,10.181369,11.038111,0.8112831,0.7980287,16042
1,3,2838,3086,4329,3838,825,1060,-0.7224201509851124,-0.23414790094174542,12.579099,9.305161,8.941589,9.853715,0.7988479,0.79294914,15976
2,2,3996,11103,12469,902,5952,741,0.9025391627991974,-0.9225642973788263,4.939951,6.514802,3.6168983,1.9810236,0.8668863,0.8412146,35163
1,2,21273,2013,6550,909,811,1854,-0.5660858077680099,0.263611505412837,10.445309,6.110277,4.567878,8.200346,0.8625161,0.8249967,33410
2,2,7588,1897,5234,417,2208,254,-0.6869338908363348,-0.7126213405398619,8.0141325,8.548225,10.557535,10.910803,0.8265418,0.76648563,17598
1,2,19087,1304,3643,3045,710,898,-0.8768133745926495,0.3125549071647275,11.259039,6.5727544,8.029704,12.846616,0.8072387,0.7943823,28687
2,2,8090,3199,6986,1455,3712,531,-0.2733661180217438,-0.6040913247344653,7.5769176,8.174938,12.240278,9.872127,0.7796779,0.75436056,23973
2,2,6758,4560,9965,934,4538,1037,0.13886722587823586,-0.7096221586862327,6.14413,7.4826484,7.82411,5.50783,0.8050212,0.78049606,27792
1,2,444,879,2060,264,290,259,-1.2022794386281717,-0.8894069023221084,8.766752,11.04565,11.466986,12.141083,0.870444,0.79967904,4196
2,2,16448,6243,6360,824,2662,2005,-0.055602134731389585,0.0297318870409581,8.209306,6.60176,5.0196877,7.5690627,0.81942344,0.76594603,34542
2,2,5283,13316,20399,1809,8752,172,1.8363698168414784,-1.1034303084218005,4.08075,5.524691,4.4672527,0.3126806,0.857835,0.81510663,49731
2,2,2886,5302,9785,364,6236,555,0.3166493168183568,-1.10942153994891,5.17727,7.4223666,8.552305,5.2034097,0.8099215,0.8111047,25128
2,2,2599,3688,13829,492,10069,59,0.8422385069509711,-1.479928623420658,4.506813,7.1129303,12.727486,5.4685354,0.7982922,0.7991184,30736
2,2,161,7460,24773,617,11783,2410,2.1870484634688476,-1.362974912027978,3.5802176,5.6888256,9.224796,1.0518532,0.8485607,0.9031997,47204
2,2,243,12939,8852,799,3909,211,0.5216058099595933,-1.001383740514749,5.3338847,6.6490765,2.5910695,2.2220078,0.9297188,0.91936034,26953
2,2,6468,12867,21570,1840,7558,1543,1.8624610873894922,-0.7636981273998346,4.2344885,5.651283,4.470686,0.5471292,0.8078884,0.80931175,51846
1,2,17327,2374,2842,1149,351,925,-0.9115352904934353,0.048468651602391326,10.732341,7.2030215,8.033595,11.883284,0.8508695,0.82048655,24968
1,2,6987,1020,3007,416,257,656,-1.0790022026261716,-0.5369680685177071,9.813419,9.370134,10.462692,11.230077,0.8597996,0.803329,12343
2,2,918,20655,13567,1465,6846,806,1.7800845916617913,-0.9256374219788828,4.3957195,5.523473,3.36918,1.3634224,0.9876477,0.8788412,44257
1,2,7034,1492,2405,12569,299,1117,-0.9068509993267968,1.0918414546748083,14.811374,7.5192456,9.8298435,10.876529,0.88133,0.841982,24916
1,2,29635,2335,8280,3046,371,117,-0.5897956228304866,0.5721243863695697,10.78342,5.389974,7.6531863,17.087818,0.78108454,0.7782114,43784
2,2,2137,3737,19172,1274,17120,142,1.9982109582008538,-1.845362089916345,3.423457,5.6631317,17.286087,3.1244624,0.8034575,0.81984425,43582
1,2,9784,925,2405,4447,183,297,-1.110934536235411,0.03596140472791206,11.930623,8.818218,12.395956,13.043677,0.8417957,0.80634016,18041
1,2,10617,1795,7647,1483,857,1233,-0.5949006835130521,-0.24230871928434933,10.736672,8.583621,7.6120925,8.161852,0.8243039,0.7876271,23632
2,2,1479,14982,11924,662,3891,3508,1.1518807981140464,-0.400124624756869,5.864204,6.6113596,1.6476564,1.5420753,0.9340054,0.86005205,36446
1,2,7127,1375,2201,2679,83,1059,-1.0620402457291211,-0.14797779736807226,11.481183,9.270916,9.279945,10.132649,0.82344246,0.79705304,14524
1,2,1182,3088,6114,978,821,1637,-0.5986795944026223,-0.5878350142682033,8.377876,9.948576,6.5103183,7.3663216,0.85670507,0.80593985,13820
1,2,11800,2713,3558,2121,706,51,-0.8875387214660768,-0.24263700941147834,10.414285,8.494095,12.827034,13.843855,0.82692707,0.81775314,20949
2,2,9759,25071,17645,1128,12408,1625,3.09498643768877,-0.7630828149611079,3.49985,4.871561,3.866326,0.0,0.9028473,0.83946556,67636
1,2,1774,3696,2280,514,275,834,-0.9243643216027733,-0.6701917945323065,8.193642,9.931798,9.411648,10.291477,0.8506024,0.79623926,9373
1,2,9155,1897,5167,2714,228,1113,-0.8137204291540465,-0.09667876792573633,11.045764,8.721149,8.714877,9.450982,0.81671,0.79325706,20274
1,2,15881,713,3315,3703,1470,229,-0.9159749693601423,0.09942554722120121,11.372267,6.6727247,11.24306,15.172415,0.78883296,0.7623847,25311
1,2,13360,944,11593,915,1679,573,-0.37728397074116515,-0.431798936137287,7.9065046,7.6970477,6.9056134,6.5252314,0.83200043,0.78244627,29064
1,2,25977,3587,2464,2369,140,1092,-0.8122298704514674,0.6244465673436326,10.85228,5.6532927,5.473778,12.081947,0.85271144,0.8120439,35629
1,2,32717,16784,13626,60869,1272,5609,2.0143559645133675,9.005487324170298,14.637597,7.084696,0.0,0.0,1.0488254,1.0632037,130877
1,2,4414,1610,1431,3498,387,834,-1.0770575690123523,-0.20017661463239572,12.179983,9.371213,10.425129,11.242074,0.80686784,0.8017942,12174
1,2,542,899,1664,414,88,522,-1.2231022550691297,-0.8021814617716416,8.853646,10.951229,11.044464,11.770009,0.86804616,0.80211663,4129
1,2,16933,2209,3389,7849,210,1534,-0.7834469157648515,0.982880053258044,14.002169,7.4891853,6.4229093,9.660086,0.8231738,0.82908463,32124
1,2,5113,1486,4583,5127,492,739,-0.8706025649211352,-0.03815595582072412,12.788281,9.162976,10.374425,11.009831,0.81602025,0.7895968,17540
1,2,9790,1786,5109,3570,182,1043,-0.8257549863194479,0.027340221405298196,11.287297,8.782477,9.164387,9.891212,0.81453025,0.79692566,21480
2,2,11223,14881,26839,1234,9606,1102,2.5396628584770577,-0.8884416838712592,3.6099856,5.252587,4.598654,0.0,0.8647251,0.81294996,64885
1,2,22321,3216,1447,2208,178,2602,-0.7781506645941584,0.7310766310545037,10.401354,6.1746635,3.5705073,6.904387,0.9069027,0.8303908,31972
2,2,8565,4980,67298,131,38102,1215,7.548581006512374,-3.379888995489255,3.0154514,4.785219,15.111607,0.0,1.0129037,0.9830612,120291
2,2,16823,928,2743,11559,332,3486,-0.6924196098584285,1.7843081489013115,14.242818,7.215233,0.0,3.332939,0.8394717,0.85258126,35871
2,2,27082,6817,10790,1365,4111,2139,0.4777421109996916,0.42695189711608145,8.27248,6.0069385,3.3885,7.7059073,0.7913207,0.72589314,52304
1,2,13970,1511,1330,650,146,778,-1.1208739705751258,-0.15651564423501416,10.773451,7.7633433,9.760082,12.228268,0.8610478,0.820917,18385
1,2,9351,1347,2611,8170,442,868,-0.9490819225961636,0.5770978026340773,13.885984,8.199353,9.986403,10.960898,0.85139394,0.81796867,22789
1,2,3,333,7021,15601,15,550,-0.7855029429028739,1.0098401069317409,14.866702,7.466067,9.801851,10.399642,0.9706985,0.86162126,23523
1,2,2617,1188,5332,9584,573,1942,-0.6928207191351496,0.615478483141729,14.011464,8.2669935,5.992106,7.131961,0.8505647,0.8031637,21236
2,3,381,4025,9670,388,7271,1371,0.39822620644009604,-1.1331270099799604,5.1001334,7.388216,11.176432,5.9476495,0.8026556,0.818899,23106
2,3,2320,5763,11238,767,5162,2158,0.45952735712177184,-0.7549484110358174,5.5314503,7.339625,7.4607563,4.8653173,0.82550234,0.8318064,27408
1,3,255,5758,5923,349,4595,1328,-0.015197864472189418,-0.9303730457426762,6.3060994,8.070966,13.654394,9.899688,0.8438786,0.8355759,18208
2,3,1689,6964,26316,1456,15469,37,2.473714457494891,-1.8449947449077837,3.5032313,5.572129,10.977751,0.26728156,0.86847854,0.8633975,51931
1,3,3043,1172,1763,2234,217,379,-1.1669352115613305,-0.499191067098322,9.498708,10.153857,11.85863,12.604921,0.829828,0.812743,8808
1,3,1198,2602,8335,402,3843,303,-0.2747386510771204,-1.1001759507973121,6.657872,8.3363085,9.394386,7.20214,0.8373704,0.7958288,16683
2,3,2771,6939,15541,2693,6600,1115,0.9045139247959971,-0.8100256592978087,4.6897316,7.00159,6.416168,2.8585443,0.8024417,0.820505,35659
2,3,27380,7184,12311,2809,4621,1022,0.5740928256715145,0.37489770878248874,8.185106,6.0350385,5.036244,11.760564,0.7385593,0.68028337,55327
1,3,3428,2380,2028,1341,1184,665,-0.9329100113925183,-0.5867547245463655,8.86898,9.9920435,10.555632,11.445883,0.81491244,0.7810489,11026
2,3,5981,14641,20521,2005,12218,445,2.369619647700559,-1.173370952515678,3.5319524,5.393325,4.479674,0.0,0.84807825,0.80565923,55811
1,3,3521,1099,1997,1796,173,995,-1.1117417258871036,-0.42623574948709253,9.203978,10.177585,9.528787,10.325761,0.834582,0.8020482,9581
2,3,1210,10044,22294,1741,12638,3137,2.404948772447743,-1.0258372434359513,3.6011684,5.639284,7.2900515,0.6032778,0.823863,0.862699,51064
1,3,608,1106,1533,830,90,195,-1.2398122447257616,-0.8012696400017247,8.8363495,11.085827,11.928498,12.622875,0.86146957,0.80390596,4362
2,3,117,6264,21203,228,8682,1111,1.4045824818578534,-1.4387214379716065,4.0078235,6.285262,8.84302,1.8259232,0.85430264,0.8847096,37605
1,3,14039,7393,2548,6386,1333,2341,-0.2760915223531467,0.8332054247534325,13.654583,7.610269,5.0112123,6.943984,0.7998394,0.77718735,34040
1,3,190,727,2012,245,184,127,-1.2413755587815751,-0.9213390757320019,8.796432,11.079659,11.559884,12.188011,0.8786498,0.8063624,3485
1,3,22686,134,218,3157,9,548,-1.270589434170242,0.4915085456714656,11.144507,6.1397157,8.460376,15.240741,0.83775795,0.79808253,26752
2,3,37,1275,22272,137,6747,110,0.7883892473604907,-1.60174192521715,4.2664285,6.684466,11.403571,3.497657,0.9319635,0.8451822,30578
1,3,759,18664,1660,6114,536,4100,0.5186698092816265,0.7423295318460528,6.301785,6.520115,0.3855872,1.1581776,0.87260354,0.84247816,31833
1,3,796,5878,2109,340,232,776,-0.7886830192070062,-0.7138257252399949,7.8074617,9.7049265,7.9795895,8.781593,0.8773176,0.84780526,10131
1,3,19746,2872,2006,2601,468,503,-0.925963818407421,0.2692746623529014,11.220509,6.387786,9.217511,14.740983,0.82687914,0.797801,28196
1,3,4734,607,864,1206,159,405,-1.2730718057210737,-0.5428884644129336,9.872512,10.100235,11.74963,12.584744,0.8465553,0.8167375,7975
1,3,2121,1601,2453,560,179,712,-1.088887411181361,-0.6928816242825158,8.716615,10.640182,10.193441,10.955924,0.85891336,0.7965698,7626
1,3,4627,997,4438,191,1335,314,-0.9097699242924215,-0.805227658458305,9.112313,9.604839,10.688448,11.302139,0.8537423,0.78164124,11902
1,3,2615,873,1524,1103,514,468,-1.1749491833025665,-0.65933119011285,9.130548,10.648895,11.506156,12.275675,0.84393793,0.8001418,7097
2,3,4692,6128,8025,1619,4515,3105,0.31656243437120746,-0.29067259586410277,6.178743,7.286418,9.882532,7.0263944,0.7890445,0.7767028,28084
1,3,9561,2217,1664,1173,222,447,-1.0781992988738751,-0.33533496109959704,10.118473,9.00022,11.397352,12.339136,0.83073604,0.8128672,15284
1,3,3477,894,534,1457,252,342,-1.268452895799526,-0.5717221054057211,9.4981985,10.326155,12.078659,12.909498,0.83871084,0.81762767,6956
1,3,22335,1196,2406,2046,101,558,-1.059979066741071,0.31195600191987927,11.002194,6.0375757,8.44624,14.999538,0.83231145,0.8021669,28642
1,3,6211,337,683,1089,41,296,-1.3235198672422377,-0.5093601050795822,10.17075,9.905559,12.206085,13.021857,0.85139006,0.82199335,8657
2,3,39679,3944,4955,1364,523,2235,-0.4528895145927312,1.2201199409878491,10.739825,4.673305,3.3816524,7.5130725,0.8540227,0.8209026,52700
1,3,20105,1887,1939,8164,716,790,-0.8890380469638886,1.0135403315084124,14.084724,7.330872,7.6870956,12.902155,0.82236874,0.79576975,33601
1,3,3884,3801,1641,876,397,4829,-0.57786830124468,0.1831785453967892,8.838419,7.4858556,2.528352,3.7664638,0.9420844,0.8402334,15428
2,3,15076,6257,7398,1504,1916,3113,0.023172431410626797,0.2806041042173151,8.4807825,6.6318903,4.0018587,5.998243,0.8677455,0.8060771,35264
1,3,6338,2256,1668,1492,311,686,-1.0512923910239045,-0.39142361478777565,9.8249235,9.485193,10.443598,11.386588,0.82726514,0.80296934,12751
1,3,5841,1450,1162,597,476,70,-1.1882780315748966,-0.6454242557890993,10.057942,9.740356,12.833909,13.693233,0.8481426,0.8136996,9596
2,3,3136,8630,13586,5641,4666,1426,0.7472678018767653,-0.214670768197751,5.5202465,7.7858725,4.233589,2.9161067,0.80430233,0.754668,37085
1,3,38793,3154,2648,1034,96,1242,-0.795433275324331,1.0132305910451114,10.807908,4.6242137,5.010301,11.151512,0.8884677,0.8023593,46967
1,3,3225,3294,1902,282,68,1114,-0.9738080919474648,-0.5763057433081179,8.225945,10.003165,8.574802,9.507171,0.866858,0.7989721,9885
2,3,4048,5164,10391,130,813,179,-0.31303309616225955,-0.877909107614271,7.3429265,8.737365,6.2020006,6.3534603,0.8567518,0.8120589,20725
1,3,28257,944,2146,3881,600,270,-1.0229453323825777,0.713619909551822,11.004685,5.6110215,7.592003,16.571964,0.799242,0.7993181,36098
1,3,17770,4591,1617,9927,246,532,-0.7749789038685424,1.1526711827878846,14.100969,7.2168975,0.0,13.207955,0.845012,0.82540745,34683
1,3,34454,7435,8469,2540,1711,2893,0.20931382898181408,1.1894241911402879,9.625134,5.512387,2.6781447,6.1882663,0.83070475,0.8183383,57502
1,3,1821,1364,3450,4006,397,361,-1.016086731177989,-0.36354831106756075,12.436831,9.365797,11.047889,11.572765,0.8196112,0.8055992,11399
1,3,10683,21858,15400,3635,282,5120,1.661616807156271,0.8653148362085897,6.170478,6.3180313,0.5061431,1.0186028,0.909594,0.90472245,56978
1,3,11635,922,1614,2583,192,1068,-1.103716863294685,0.02800304886842826,11.187194,8.416921,8.893463,10.006266,0.8361653,0.7976019,18014
1,3,1206,3620,2857,1945,353,967,-0.8608685557881885,-0.5036502541195966,8.3454075,9.912678,8.993035,9.858697,0.83114696,0.79865265,10948
1,3,20918,1916,1573,1960,231,961,-1.0127355737795802,0.3280084131860564,11.03644,6.188634,7.329562,12.801853,0.8531094,0.80694515,27559
1,3,9785,848,1172,1677,200,406,-1.2095262438447338,-0.2764726870540202,10.652392,8.9991665,11.8095255,12.674778,0.8333567,0.8140222,14088
1,3,9385,1530,1422,3019,227,684,-1.1033787354995566,-0.07185831337737934,11.438384,8.868842,10.742285,11.661237,0.8310958,0.8026041,16267
1,3,3352,1181,1328,5502,311,1000,-1.0916161629042667,0.038595185120957956,12.961399,8.993499,10.162378,10.970071,0.835937,0.7879615,12674
1,3,2647,2761,2313,907,95,1827,-0.9174487516541918,-0.40783673931311404,8.398373,9.934857,6.525458,7.529128,0.8752323,0.8135924,10550
1,3,518,4180,3600,659,122,654,-0.8442738303004768,-0.7432753997062319,7.951239,9.946573,9.742203,10.5032,0.85376036,0.8115819,9733
1,3,23632,6730,3842,8620,385,819,-0.43358201894582965,1.266696199110592,13.981299,7.1700883,0.0,12.252262,0.82120687,0.8253459,44028
1,3,12377,865,3204,1398,149,452,-1.0802301966841514,-0.22343703146351987,10.63972,8.054072,11.44408,13.131826,0.84142524,0.8138857,18445
1,3,9602,1316,1263,2921,841,290,-1.093252835122774,-0.1785404422240817,11.171592,8.921183,12.374597,13.251364,0.82128984,0.81043226,16233
2,3,4515,11991,9345,2644,3378,2213,0.6311376823758664,-0.22175740928961105,6.073153,6.913902,2.0023754,1.9829228,0.8589808,0.81291693,34086
1,3,11535,1666,1428,6838,64,743,-1.0589128477284895,0.5201465275606932,13.64089,8.2371025,10.648674,11.616233,0.84376806,0.8115195,22274
1,3,11442,1032,582,5390,74,247,-1.2156565396387162,0.25027787660976836,13.309204,8.369511,12.697315,13.642332,0.8540689,0.8104049,18767
1,3,9612,577,935,1601,469,375,-1.2171648196469858,-0.3126580107487886,10.627293,9.075424,11.970769,12.847165,0.82984316,0.813293,13569
1,3,4446,906,1238,3576,153,1014,-1.1510264588899182,-0.149219087585255,12.199867,9.381793,9.8762,10.684142,0.8199363,0.7951499,11333
1,3,27167,2801,2128,13223,92,1902,-0.7062588260155932,2.1862781676102028,14.313517,7.0059433,0.0,7.575999,0.8853588,0.86942077,47313
1,3,26539,4753,5091,220,10,340,-0.6678437975505819,0.22212106880963323,10.6907425,5.7483163,7.434111,15.701223,0.8867551,0.8374633,36953
1,3,25606,11006,4604,127,632,288,-0.17227095089339114,0.20680363110159608,9.495364,5.846969,6.2519383,14.168441,0.89422494,0.8687324,42263
1,3,18073,4613,3444,4324,914,715,-0.6268697196614438,0.4281133048627294,11.498372,6.5153646,8.756637,13.291576,0.7927246,0.7881607,32083
1,3,6884,1046,1167,2069,593,378,-1.158097728587304,-0.3720539425659658,10.471358,9.505185,11.906855,12.77019,0.8211232,0.812601,12137
1,3,25066,5010,5026,9806,1092,960,-0.37723205541566246,1.4258503890896435,14.189165,7.0693674,0.0,11.087092,0.82524586,0.81360084,46960
2,3,7362,12844,18683,2854,7883,553,1.6483656344143027,-0.7489640578470996,4.2066464,5.596044,4.1317515,0.591277,0.8411621,0.786555,50179
2,3,8257,3880,6407,1646,2730,344,-0.3853960943723231,-0.5372850345340064,7.7024775,8.306477,11.30823,10.498582,0.7833102,0.7550988,23264
1,3,8708,3634,6100,2349,2123,5137,-0.06015967295930163,0.4625784076891143,8.756985,7.3788733,2.373239,3.6790197,0.89975274,0.79404664,28051
1,3,6633,2096,4563,1389,1860,1892,-0.6016308784811724,-0.30558818668642923,8.839386,8.488612,6.34012,7.349854,0.8265404,0.7819528,18433
1,3,2126,3289,3281,1535,235,4365,-0.5742862639964886,0.08739731306884592,8.84228,7.594227,2.6469896,3.8733196,0.92413193,0.85233206,14831
1,3,97,3605,12400,98,2970,62,-0.0813055409227226,-1.2321046959597342,6.521525,8.223951,6.9189305,5.7937107,0.8746848,0.82539093,19232
1,3,4983,4859,6633,17866,912,2435,-0.16394420663711218,1.8498394085756158,14.800554,7.368045,0.0,5.7600365,0.8405808,0.81271446,37688
1,3,5969,1990,3417,5679,1135,290,-0.8613190603640788,-0.023996963676629762,13.157514,8.825719,12.7326565,13.097551,0.8297833,0.8013035,18480
2,3,7842,6046,8552,1691,3540,1874,0.13311445046687587,-0.3270812049799287,6.3459787,7.323524,8.465584,6.657803,0.8031575,0.78194314,29545
2,3,4389,10940,10908,848,6728,993,0.9076362382852481,-0.8872447177123424,4.9590197,6.636148,3.8991146,1.9840076,0.85072505,0.8301414,34806
1,3,5065,5499,11055,364,3485,1063,0.14404062161459735,-0.7973207159447423,6.198128,7.4325,5.582594,4.372585,0.8404637,0.8040621,26531
2,3,660,8494,18622,133,6740,776,1.159521668494944,-1.319010486322384,4.339435,6.4649706,5.8207855,1.9523661,0.85398483,0.8595777,35425
1,3,8861,3783,2223,633,1580,1521,-0.6851076758689152,-0.3041359458901369,9.1105,8.492917,7.185941,8.11243,0.829066,0.7860445,18601
1,3,4456,5266,13227,25,6818,1393,0.6668088137204888,-1.0211182469358213,5.0019207,7.2314925,6.7598968,3.880186,0.8128133,0.826481,31185
2,3,17063,4847,9053,1031,3415,1784,0.07701668160756502,-0.055580782194443804,8.2614,6.5212,5.3139286,8.169432,0.80687004,0.74844635,37193
1,3,26400,1377,4172,830,948,1218,-0.7820228998244323,0.37615103486165313,10.793583,5.7216797,5.14068,11.197491,0.8328756,0.79096705,34945
2,3,17565,3686,4657,1059,1803,668,-0.5593203173696709,-0.08988056809582096,10.207667,7.4438868,8.392858,12.659395,0.81787455,0.78532755,29438
2,3,16980,2884,12232,874,3213,249,-0.034865915922488555,-0.4138408112166657,7.900939,7.5265503,6.6900053,5.537588,0.7787311,0.7154163,36432
1,3,11243,2408,2593,15348,108,1886,-0.7381363210819658,1.7733758449016055,14.777345,7.3486814,0.0,7.4436707,0.8743441,0.85386884,33586
1,3,13134,9347,14316,3141,5079,1894,0.9412763607464273,-0.05351073435994956,5.1547885,5.93463,4.0472164,2.652292,0.7892829,0.7625369,46911
1,3,31012,16687,5429,15082,439,1163,0.529384578287899,2.536284370215346,14.373878,6.8604846,0.0,10.863315,0.814316,0.8959969,69812
1,3,3047,5970,4910,2198,850,317,-0.5530256712324585,-0.5428875686014525,7.9313593,9.447274,8.216258,8.868124,0.8163246,0.81362265,17292
1,3,8607,1750,3580,47,84,2501,-0.8455014877284295,-0.17685188152876627,9.202286,8.092865,5.153768,6.466949,0.9016389,0.82763374,16569
1,3,3097,4230,16483,575,241,2080,0.09305577205085029,-0.5949266996056878,6.477903,7.5663757,6.202073,5.547877,0.92718863,0.8792733,26706
1,3,8533,5506,5160,13486,1377,1498,-0.2693264644049781,1.2833884552257089,14.738728,7.3619757,0.0,9.179564,0.8300988,0.80550694,35560
1,3,21117,1162,4754,269,1328,395,-0.8151406882023999,-0.09440459362717729,10.667081,6.2219934,8.6860895,14.788822,0.8229011,0.7708393,29025
1,3,1982,3218,1493,1541,356,1449,-0.9325631250023203,-0.419577798536318,8.320745,9.900709,7.9391556,8.952119,0.8446417,0.80286133,10039
1,3,16731,3922,7994,688,2371,838,-0.2645391122967977,-0.22020743000673215,8.002322,7.4111276,7.3613095,10.723022,0.8129953,0.75842434,32544
1,3,29703,12051,16027,13135,182,2204,0.8706024603902149,2.220845240077006,14.255222,6.836552,0.0,6.6361074,0.8271338,0.92096615,73302
1,3,39228,1431,764,4510,93,2346,-0.9025200609961801,1.6769155666814664,11.027222,4.763806,2.072176,6.3048353,0.85494804,0.83570933,48372
2,3,14531,15488,30243,437,14841,1867,3.465703618272418,-1.0398380051416922,3.283671,5.086579,3.344601,0.0,0.8031268,0.7736646,77407
1,3,10290,1981,2232,1038,168,2125,-0.9180227325786652,-0.030046590620381987,9.342429,8.112897,5.691456,6.877847,0.86754715,0.8043515,17834
1,3,2787,1698,2510,65,477,52,-1.105137090377088,-0.8613378741904577,8.772826,10.847265,11.467354,12.168182,0.8658347,0.7949089,7589
